<?xml version="1.0" encoding="UTF-8"?>
<project-private xmlns="http://www.netbeans.org/ns/project-private/1">
    <editor-bookmarks xmlns="http://www.netbeans.org/ns/editor-bookmarks/2" lastBookmarkId="0"/>
    <open-files xmlns="http://www.netbeans.org/ns/projectui-open-files/2">
        <group>
            <file>file:/Sohel/Research-Project/PathPlanningRobot/src/pathplanningrobot/PathPlanningRobot.java</file>
            <file>file:/Sohel/Research-Project/PathPlanningRobot/src/pathplanningrobot/RobotEnvironment.java</file>
            <file>file:/Sohel/Research-Project/PathPlanningRobot/src/pathplanningrobot/RobotEnvPanel.java</file>
            <file>file:/Sohel/Research-Project/PathPlanningRobot/src/pathplanningrobot/SearchTreeNode.java</file>
            <file>file:/Sohel/Research-Project/PathPlanningRobot/src/pathplanningrobot/Utility.java</file>
        </group>
    </open-files>
</project-private>
